,AMC,SAM,TZP,CFZ,FEP,FOX,CAZ,CRO,CXM,ETP,IPM,MEM,CHL,COL,FOS,AMK,GEN,TOB,CIP,LVX,NIT,MIN,TET,SXT,CTX,CZA,AZM,AMP,MXF,NOR,NAL,STR,AZI,XNL,SUL,DOX,KAN
2021-164,,S,,,,,S,,,S,,S,S,R,,S,,,S,,,,S,S,S,S,,S,,,S,I,S,,,,
2022-245,S,I,S,S,S,S,S,S,S,S,S,S,S,I,S,S,S,S,S,S,S,R,R,S,,,S,,S,S,,,,,,,
2022-541,S,S,S,S,S,S,S,S,S,S,S,S,S,I,S,S,S,S,S,S,S,R,R,S,,,S,,S,S,,,,,,,
2022-543,S,R,S,I,S,S,S,S,S,S,S,S,S,I,S,S,S,S,S,S,S,R,R,S,,,S,,S,S,,,,,,,
2022-544,S,I,S,I,S,S,S,S,S,S,S,S,S,I,S,S,S,S,S,S,S,R,R,S,,,S,,S,S,,,,,,,
2022-549,S,I,S,I,S,S,S,S,S,S,S,S,S,I,S,S,S,S,S,S,S,R,R,S,,,S,,S,S,,,,,,,
2022-933,S,I,S,S,S,S,S,S,S,S,S,S,S,I,S,S,S,S,R,S,S,R,R,S,,,S,,S,S,,,,,,,
2022-971,S,S,S,S,S,S,S,S,S,S,S,S,R,I,S,S,S,S,S,S,S,R,R,S,,,S,,S,S,,,,,,,
2013-213,S,I,S,I,S,S,S,S,S,S,S,S,S,I,S,S,S,S,S,S,S,R,R,S,,,S,,S,S,,,,,,,
2013-214,S,I,S,I,S,S,S,S,S,S,S,S,S,I,S,S,S,S,S,S,S,R,R,S,,,S,,S,S,,,,,,,
2013-234,S,S,S,S,S,S,S,S,S,S,S,S,S,I,S,S,S,S,S,S,S,R,R,S,,,S,,S,S,,,,,,,
2013-242,S,S,S,S,S,S,S,S,S,S,S,S,S,I,S,S,S,S,S,S,S,I,R,S,,,S,,S,S,,,,,,,
2013-72,S,S,S,S,S,S,S,S,S,S,S,S,R,I,S,S,S,S,S,S,I,I,R,S,,,S,,S,S,,,,,,,
2014-100,S,S,S,S,S,S,S,S,S,S,S,S,S,I,S,S,S,S,S,S,S,S,S,S,,,S,,S,S,,,,,,,
2014-104,S,S,S,S,S,S,S,S,S,S,S,S,R,I,S,S,S,S,S,S,S,S,R,S,,,S,,S,S,,,,,,,
2014-105,S,S,S,S,S,S,S,S,S,S,S,S,S,I,S,S,S,S,S,S,S,S,S,S,,,S,,S,S,,,,,,,
2014-109,S,S,S,S,S,S,S,S,S,S,S,S,S,I,S,S,S,S,S,S,S,S,S,S,,,S,,S,S,,,,,,,
2014-144,S,S,S,S,S,S,S,S,S,S,S,S,S,I,S,S,S,S,S,S,S,I,R,S,,,S,,S,S,,,,,,,
2014-149,S,I,S,S,S,S,S,S,S,S,S,S,S,I,S,S,S,S,S,S,S,R,R,S,,,S,,S,S,,,,,,,
2014-206,S,S,S,S,S,S,S,S,S,S,S,S,S,I,S,S,S,S,S,S,S,I,R,R,,,S,,S,S,,,,,,,
2014-390,S,R,S,I,S,S,S,S,S,S,S,S,S,I,S,S,S,S,S,S,S,R,R,S,,,S,,S,S,,,,,,,
2014-50,S,S,S,S,S,S,S,S,S,S,S,S,S,I,S,S,S,S,S,S,S,S,S,S,,,S,,S,S,,,,,,,
2014-58,S,S,S,S,S,S,S,S,S,S,S,S,S,I,S,S,S,S,S,S,S,S,S,S,,,S,,S,S,,,,,,,
2014-94,S,S,S,S,S,S,S,S,S,S,S,S,S,I,S,S,S,S,S,S,S,S,S,R,,,S,,S,S,,,,,,,
2015-134,S,S,S,S,S,S,S,S,S,S,S,S,S,I,S,S,S,S,S,S,S,S,S,S,,,S,,S,S,,,,,,,
2015-237,S,S,S,S,S,S,S,S,S,S,S,S,S,I,S,S,S,S,S,S,S,R,R,S,,,S,,S,S,,,,,,,
2015-341,S,R,S,I,S,S,S,S,S,S,S,S,S,I,S,S,S,S,S,S,S,R,R,S,,,S,,S,S,,,,,,,
2015-36,S,I,S,I,S,S,S,S,S,S,S,S,S,I,S,S,S,S,S,S,S,R,R,S,,,S,,S,S,,,,,,,
2015-38,S,I,S,I,S,S,S,S,S,S,S,S,R,I,S,S,S,S,S,S,S,S,S,R,,,S,,S,S,,,,,,,
2015-40,S,I,S,I,S,S,S,S,S,S,S,S,R,I,S,S,S,S,S,S,S,S,S,R,,,S,,S,S,,,,,,,
2015-41,S,I,S,S,S,S,S,S,S,S,S,S,S,I,S,S,S,S,S,S,S,R,R,R,,,S,,S,S,,,,,,,
2015-430,S,S,S,S,S,S,S,S,S,S,S,S,S,I,S,S,S,S,S,S,S,R,R,S,,,S,,S,S,,,,,,,
2015-64,S,I,S,S,S,S,S,S,S,S,S,S,S,I,S,S,S,S,S,S,S,I,R,S,,,S,,S,S,,,,,,,
2016-129,S,S,S,S,S,S,S,S,S,S,S,S,S,I,S,S,S,S,S,S,I,S,S,S,,,S,,S,S,,,,,,,
2016-300,S,S,S,S,S,S,S,S,S,S,S,S,S,I,S,S,S,S,S,S,S,S,S,S,,,S,,S,S,,,,,,,
2016-306,S,S,S,S,S,S,S,S,S,S,S,S,S,I,S,S,S,S,S,S,S,S,S,S,,,S,,S,S,,,,,,,
2016-350,S,S,S,S,S,S,S,S,S,S,S,S,S,I,S,S,S,S,S,S,I,S,S,S,,,S,,S,S,,,,,,,
2016-467,S,S,S,S,S,S,S,S,S,S,S,S,S,I,S,S,S,S,S,S,I,S,S,S,,,S,,S,S,,,,,,,
2016-49,S,S,S,S,S,S,S,S,S,S,S,S,S,I,S,S,S,S,S,S,S,S,S,S,,,S,,S,S,,,,,,,
2016-81,S,S,S,S,S,S,S,S,S,S,S,S,S,I,S,S,S,S,S,S,S,S,S,S,,,S,,S,S,,,,,,,
2017-345,S,S,S,S,S,S,S,S,S,S,S,S,S,I,S,S,S,S,S,S,S,S,S,S,,,S,,S,S,,,,,,,
2017-417,S,I,S,I,S,S,S,S,S,S,S,S,S,I,S,S,S,S,S,S,S,R,R,S,,,S,,S,S,,,,,,,
2017-432,S,I,S,I,S,S,S,S,S,S,S,S,S,I,S,S,S,S,S,S,S,R,R,S,,,S,,S,S,,,,,,,
2017-452,S,I,S,I,S,S,S,S,S,S,S,S,R,I,S,S,S,S,S,S,S,S,R,S,,,S,,S,S,,,,,,,
2017-473,S,I,S,I,S,S,S,S,S,S,S,S,R,I,S,S,S,S,S,S,S,S,S,S,,,S,,S,S,,,,,,,
2017-569,S,I,S,R,S,S,S,S,I,S,S,S,S,I,S,S,S,S,S,S,S,I,R,S,,,S,,S,S,,,,,,,
2017-570,S,I,S,I,S,S,S,S,S,S,S,S,S,I,S,S,S,S,S,S,S,R,R,S,,,S,,S,S,,,,,,,
2017-662,S,I,S,S,S,S,S,S,S,S,S,S,S,I,S,S,S,S,S,S,S,I,R,S,,,S,,S,S,,,,,,,
2017-699,S,S,S,S,S,S,S,S,S,S,S,S,S,I,S,S,S,S,S,S,S,S,S,S,,,S,,S,S,,,,,,,
2017-731,S,I,S,I,S,S,S,R,S,S,S,S,S,I,S,S,S,S,S,S,S,S,R,S,,,S,,S,S,,,,,,,
2018-155,S,S,S,S,S,S,S,S,S,S,S,S,S,I,S,S,S,S,S,S,S,I,R,S,,,S,,S,S,,,,,,,
2018-167,S,I,S,S,S,S,S,S,S,S,S,S,S,I,S,S,S,S,S,S,S,R,R,S,,,S,,S,S,,,,,,,
2018-179,S,S,S,S,S,S,S,S,S,S,S,S,S,I,S,S,S,S,S,S,S,S,S,S,,,S,,S,S,,,,,,,
2018-188,S,I,S,S,S,S,S,S,S,S,S,S,S,I,S,S,S,S,S,S,S,S,S,S,,,S,,S,S,,,,,,,
2018-192,S,I,S,S,S,S,S,S,S,S,S,S,S,I,S,S,S,S,S,S,S,R,R,S,,,S,,S,S,,,,,,,
2018-234,S,S,S,S,S,S,S,S,S,S,S,S,S,I,S,S,S,S,S,S,S,I,R,S,,,S,,S,S,,,,,,,
2018-383,S,I,S,I,S,S,S,S,S,S,S,S,S,I,S,S,S,S,S,S,S,R,R,S,,,S,,S,S,,,,,,,
2018-429,S,I,S,S,S,S,S,S,S,S,S,S,S,I,S,S,S,S,S,S,S,R,R,S,,,S,,S,S,,,,,,,
2018-471,S,I,S,I,S,S,S,S,S,S,S,S,R,I,S,S,S,S,S,S,S,S,S,R,,,S,,S,S,,,,,,,
2018-50,S,S,S,S,S,S,S,S,S,S,S,S,S,I,S,S,S,S,S,S,S,I,R,S,,,S,,S,S,,,,,,,
2018-551,S,S,S,S,S,S,S,S,S,S,S,S,S,I,S,S,S,S,S,S,S,S,S,S,,,S,,S,S,,,,,,,
2018-56,S,I,S,I,S,S,S,S,S,S,S,S,S,I,S,S,S,S,S,S,S,R,R,S,,,S,,S,S,,,,,,,
2018-566,S,I,S,S,S,S,S,S,S,S,S,S,S,I,S,S,S,S,S,S,S,I,R,S,,,S,,S,S,,,,,,,
2018-57,S,I,S,I,S,S,S,S,S,S,S,S,S,I,S,S,S,S,S,S,S,R,R,S,,,S,,S,S,,,,,,,
2018-59,S,I,S,S,S,S,S,S,S,S,S,S,S,I,S,S,S,S,S,S,S,R,R,S,,,S,,S,S,,,,,,,
2018-63,S,I,S,S,S,S,S,S,S,S,S,S,S,I,S,S,S,S,S,S,S,R,R,S,,,S,,S,S,,,,,,,
2018-643,S,I,S,S,S,S,S,S,S,S,S,S,S,I,S,S,S,S,S,S,S,R,R,S,,,S,,S,S,,,,,,,
2018-648,S,I,S,S,S,S,S,S,S,S,S,S,S,I,S,S,S,S,S,S,S,R,R,S,,,S,,S,S,,,,,,,
2018-649,S,I,S,S,S,S,S,S,S,S,S,S,S,I,S,S,S,S,S,S,S,R,R,S,,,S,,S,S,,,,,,,
2018-66,S,S,S,S,S,S,S,S,S,S,S,S,S,I,S,S,S,S,S,S,S,R,R,S,,,S,,S,S,,,,,,,
2018-73,S,S,S,S,S,S,S,S,S,S,S,S,S,I,S,S,S,S,S,S,S,R,R,S,,,S,,S,S,,,,,,,
2018-765,S,S,S,S,S,S,S,S,S,S,S,S,S,I,S,S,S,S,S,S,S,I,R,S,,,S,,S,S,,,,,,,
2018-91,S,S,S,S,S,S,S,S,S,S,S,S,S,I,S,S,S,S,S,S,S,R,R,S,,,S,,S,S,,,,,,,
2018-916,S,I,S,I,S,S,S,S,S,S,S,S,S,I,S,S,S,S,S,S,S,R,R,S,,,S,,S,S,,,,,,,
2018-92,S,S,S,S,S,S,S,S,S,S,S,S,S,I,S,S,S,S,S,S,S,R,R,S,,,S,,S,S,,,,,,,
2018-93,S,S,S,S,S,S,S,S,S,S,S,S,S,I,S,S,S,S,S,S,S,R,R,S,,,S,,S,S,,,,,,,
2019-1126,S,S,S,S,S,S,S,S,S,S,S,S,S,I,S,S,S,S,S,S,S,R,R,S,,,S,,S,S,,,,,,,
2019-563,S,I,S,I,S,S,S,S,S,S,S,S,R,I,S,S,S,S,S,S,S,S,S,R,,,S,,S,S,,,,,,,
2019-699,S,I,S,S,S,S,S,S,S,S,S,S,S,I,S,S,S,S,S,S,S,R,R,S,,,S,,S,S,,,,,,,
2019-815,S,I,S,I,S,S,S,S,S,S,S,S,S,I,S,S,S,S,S,S,S,I,R,S,,,S,,S,S,,,,,,,
2019-816,S,I,S,I,S,S,S,S,S,S,S,S,S,I,S,S,S,S,S,S,S,R,R,S,,,S,,S,S,,,,,,,
2019-851,S,I,S,I,S,S,S,S,S,S,S,S,S,I,S,S,S,S,S,S,S,R,R,S,,,S,,S,S,,,,,,,
2019-855,S,I,S,I,S,S,S,S,S,S,S,S,R,I,S,S,S,S,S,S,S,I,R,S,,,S,,S,S,,,,,,,
2019-870,S,I,S,I,S,S,S,S,S,S,S,S,S,I,S,S,S,S,S,S,S,R,R,S,,,S,,S,S,,,,,,,
2019-892,S,I,S,S,S,S,S,S,S,S,S,S,S,I,S,S,S,S,S,S,S,R,R,S,,,S,,S,S,,,,,,,
2020-106,S,S,S,S,S,S,S,S,S,S,S,S,S,I,S,S,S,,,S,S,R,R,S,,,S,,S,S,,,,,,,
2020-122,S,I,S,S,S,S,S,S,S,S,S,S,S,I,S,S,S,S,S,S,S,R,R,S,,,S,,S,S,,,,,,,
2020-157,S,I,S,S,S,S,S,S,S,S,S,S,S,I,S,S,S,S,S,S,S,R,R,S,,,S,,S,S,,,,,,,
2020-170,S,I,S,S,S,S,S,S,S,S,S,S,S,I,S,S,S,S,S,S,S,R,R,S,,,S,,S,S,,,,,,,
2020-174,S,R,S,S,S,S,S,S,S,S,S,S,S,I,S,S,S,S,S,S,S,R,R,S,,,S,,S,S,,,,,,,
2020-195,S,S,S,S,S,S,S,S,S,S,S,S,R,I,S,S,S,S,S,S,S,R,R,S,,,S,,S,S,,,,,,,
2020-274,S,I,S,S,S,S,S,S,S,S,S,S,S,I,S,S,S,S,S,S,S,R,R,S,,,S,,S,S,,,,,,,
2020-296,S,S,S,S,S,S,S,S,S,S,S,S,S,I,S,S,S,S,S,S,S,R,R,S,,,S,,S,S,,,,,,,
2020-299,S,S,S,S,S,S,S,S,S,S,S,S,S,I,S,S,S,S,S,S,S,R,R,S,,,S,,S,S,,,,,,,
2020-31,S,S,S,S,S,S,S,S,S,S,S,S,S,I,S,S,S,S,S,S,S,R,R,S,,,S,,S,S,,,,,,,
2020-363,S,I,S,I,S,S,S,S,S,S,S,S,R,I,S,S,S,S,S,S,S,R,R,S,,,S,,S,S,,,,,,,
2020-367,S,I,S,S,S,S,S,S,S,S,S,S,S,I,S,S,S,S,S,S,S,R,R,S,,,S,,S,S,,,,,,,
2020-425,S,I,S,S,S,S,S,S,S,S,S,S,S,I,S,S,S,S,S,S,S,R,R,S,,,S,,S,S,,,,,,,
2020-427,S,I,S,S,S,S,S,S,S,S,S,S,S,I,S,S,S,S,S,S,S,R,R,S,,,S,,S,S,,,,,,,
2020-443,S,I,S,S,S,S,S,S,S,S,S,S,S,I,S,S,S,S,S,S,S,R,R,S,,,S,,S,S,,,,,,,
2020-459,S,I,S,S,S,S,S,S,S,S,S,S,S,I,S,S,S,S,S,S,S,R,R,S,,,S,,S,S,,,,,,,
2020-463,S,I,S,S,S,S,S,S,S,S,S,S,S,I,S,S,S,S,S,S,S,I,R,S,,,S,,S,S,,,,,,,
2020-498,S,S,S,S,S,S,S,S,S,S,S,S,S,I,S,S,S,I,S,S,S,S,S,S,,,S,,S,S,,,,,,,
2020-503,S,S,S,S,S,S,S,S,S,S,S,S,S,I,S,S,S,S,S,S,S,R,R,S,,,S,,S,S,,,,,,,
2020-553,S,I,S,S,S,S,S,S,S,S,S,S,S,I,S,S,S,I,S,S,S,R,R,S,,,S,,S,S,,,,,,,
2020-576,S,S,S,S,S,S,S,S,S,S,S,S,S,I,S,S,S,S,S,S,S,R,R,S,,,S,,S,S,,,,,,,
2020-588,S,I,S,S,S,S,S,S,S,S,S,S,S,I,S,S,S,S,S,S,S,R,R,S,,,S,,S,S,,,,,,,
2020-593,S,I,S,I,S,S,S,S,S,S,S,S,S,I,S,S,S,S,S,S,S,R,R,S,,,S,,S,S,,,,,,,
2020-596,S,I,S,I,S,S,S,S,S,S,S,S,S,I,S,S,S,S,S,S,S,R,R,S,,,S,,S,S,,,,,,,
2020-616,S,S,S,S,S,S,S,S,S,S,S,S,S,I,S,S,S,S,S,S,S,S,S,S,,,S,,S,S,,,,,,,
2020-640,S,I,S,I,S,S,S,S,S,S,S,S,S,I,S,S,S,S,S,S,S,R,R,S,,,S,,S,S,,,,,,,
2020-665,S,I,S,S,S,S,S,S,S,S,S,S,S,I,S,S,S,S,S,S,S,R,R,S,,,S,,S,S,,,,,,,
2020-673,S,S,S,S,S,S,S,S,S,S,S,S,S,I,S,S,S,S,S,S,S,R,R,S,,,S,,S,S,,,,,,,
2020-684,S,S,S,I,S,S,S,S,S,S,S,S,I,I,S,S,S,S,S,S,S,R,R,R,,,S,,S,S,,,,,,,
2020-704,S,I,S,S,S,S,S,S,S,S,S,S,S,I,S,S,S,S,S,S,S,R,R,S,,,S,,S,S,,,,,,,
2020-714,S,I,S,S,S,S,S,S,S,S,S,S,S,I,S,S,S,S,S,S,S,R,R,S,,,S,,S,S,,,,,,,
2020-731,S,I,S,S,S,S,S,S,S,S,S,S,S,I,S,S,S,S,S,S,S,R,R,S,,,S,,S,S,,,,,,,
2020-734,S,S,S,S,S,S,S,S,S,S,S,S,S,I,S,S,S,S,S,S,S,S,S,S,,,S,,S,S,,,,,,,
2020-748,S,I,S,S,S,S,S,S,S,S,S,S,S,I,S,S,S,S,S,S,S,R,R,S,,,S,,S,S,,,,,,,
2020-789,S,S,S,S,S,S,S,S,S,S,S,S,R,I,S,S,S,S,S,S,S,S,S,S,,,S,,S,S,,,,,,,
2020-794,S,I,S,I,S,S,S,S,S,S,S,S,R,I,S,S,S,S,S,S,S,R,R,S,,,S,,S,S,,,,,,,
2020-814,S,I,S,S,S,S,S,S,S,S,S,S,R,I,S,S,S,S,S,S,S,R,R,S,,,S,,S,S,,,,,,,
2020-829,S,I,S,I,S,S,S,S,S,S,S,S,R,I,S,S,S,I,S,S,S,R,R,S,,,S,,S,S,,,,,,,
2020-866,S,I,S,S,S,S,S,S,S,S,S,S,R,I,S,S,S,S,S,S,S,R,R,S,,,S,,S,S,,,,,,,
2020-88,S,I,S,S,S,S,S,S,S,S,S,S,S,I,S,S,S,S,S,S,S,R,R,S,,,S,,S,S,,,,,,,
2020-890,S,I,S,I,S,S,S,S,S,S,S,S,S,I,S,S,S,S,S,S,S,S,S,S,,,S,,S,S,,,,,,,
2020-894,S,I,S,I,S,S,S,S,S,S,S,S,S,I,S,S,S,S,S,S,S,R,R,S,,,S,,S,S,,,,,,,
2020-897,S,I,S,I,S,S,S,S,S,S,S,S,S,I,S,S,S,S,S,S,S,R,R,S,,,S,,S,S,,,,,,,
2020-909,S,S,S,S,S,S,S,S,S,S,S,S,R,I,S,S,S,S,S,S,S,S,R,S,,,S,,S,S,,,,,,,
2020-938,S,I,S,S,S,S,S,S,S,S,S,S,S,I,S,S,S,S,S,S,S,I,R,S,,,S,,S,S,,,,,,,
2020-944,S,I,S,S,S,S,S,S,S,S,S,S,S,I,S,S,S,S,S,S,S,R,R,S,,,S,,S,S,,,,,,,
2020-950,S,I,S,I,S,S,S,S,S,S,S,S,S,I,S,S,S,S,S,S,S,R,R,S,,,S,,S,S,,,,,,,
2020-951,S,S,S,S,S,S,S,S,S,S,S,S,S,I,S,S,S,S,S,S,S,S,S,S,,,S,,S,S,,,,,,,
2020-953,S,I,S,I,S,S,S,S,S,S,S,S,S,I,S,S,S,S,R,S,S,R,R,S,,,S,,S,S,,,,,,,
2020-961,S,S,S,S,S,S,S,S,S,S,S,S,R,I,S,S,S,S,S,S,S,S,S,S,,,S,,S,S,,,,,,,
2020-984,S,I,S,S,S,S,S,S,S,S,S,S,S,I,S,S,I,I,S,S,S,R,R,S,,,S,,S,S,,,,,,,
2020-985,S,I,S,S,S,S,S,S,S,S,S,S,S,I,S,S,S,S,S,S,S,R,R,S,,,S,,S,S,,,,,,,
2015-91-1,S,S,S,S,S,S,S,S,S,S,S,S,S,I,S,S,S,S,S,S,S,S,S,S,,,S,,S,S,,,,,,,
2016-404,S,S,S,I,S,S,S,S,S,S,S,S,S,I,S,S,S,S,S,S,S,I,I,S,,,S,,R,S,,,,,,,
2018-39,S,S,S,S,S,S,S,R,S,S,S,S,I,I,S,S,I,I,S,S,S,I,I,S,,,S,,S,S,,,,,,,
2018-44,S,I,S,S,S,S,S,R,S,S,S,S,I,R,S,S,I,I,S,S,S,I,I,S,,,S,,S,S,,,,,,,
2018-623,S,I,S,S,S,S,S,S,S,S,S,S,S,I,S,S,I,I,R,S,S,I,R,S,,,S,,S,S,,,,,,,
2014-0408,S,S,S,S,S,S,S,S,S,S,S,S,S,I,S,S,S,S,R,R,S,S,R,S,,,S,,I,R,,,,,,,
2014-0438,S,S,S,S,S,S,S,S,S,S,S,S,S,I,S,S,S,S,R,R,S,S,R,S,,,S,,I,R,,,,,,,
2015-0265,S,S,S,S,S,S,S,S,S,S,S,S,S,I,S,S,S,S,R,R,S,S,R,S,,,S,,I,R,,,,,,,
2015-0265-1,S,S,S,R,S,S,S,I,S,S,S,S,I,I,S,S,S,S,S,R,S,S,I,S,,,S,,S,S,,,,,,,
2015-0415,S,S,S,S,S,S,S,S,S,S,S,S,S,I,S,S,S,S,R,R,S,S,R,S,,,S,,I,R,,,,,,,
2016-0037,S,S,S,S,S,S,S,S,S,S,S,S,S,I,S,S,S,S,R,R,S,S,R,S,,,S,,I,R,,,,,,,
2016-0089,S,S,S,S,S,S,S,S,S,S,S,S,S,I,S,S,S,S,R,R,S,S,R,S,,,S,,I,R,,,,,,,
2016-0097,S,S,S,S,S,S,S,S,S,S,S,S,S,I,S,S,S,S,R,R,S,S,R,S,,,S,,I,R,,,,,,,
2016-0312,S,I,S,I,S,S,S,S,I,S,S,S,I,I,S,S,R,S,R,S,S,I,I,S,,,S,,R,S,,,,,,,
2016-0359,S,S,S,S,S,S,S,S,S,S,S,S,S,I,S,S,S,S,R,R,S,S,R,S,,,S,,I,R,,,,,,,
2016-0370,S,S,S,S,S,S,S,S,S,S,S,S,I,I,S,S,S,S,R,S,S,S,S,S,,,S,,S,S,,,,,,,
2016-0371,S,S,S,S,S,S,S,S,S,S,S,S,S,I,S,S,S,S,S,S,S,I,I,S,,,S,,R,S,,,,,,,
2016-0372,S,S,S,S,S,S,S,S,S,S,S,S,S,I,S,S,S,S,S,S,S,I,I,S,,,S,,R,S,,,,,,,
2016-0378,S,S,S,S,S,S,S,S,S,S,S,S,I,I,S,S,S,I,R,S,S,S,I,S,,,S,,S,S,,,,,,,
2016-0383,S,S,S,S,S,S,S,S,S,S,S,S,I,I,S,S,S,S,R,S,S,S,S,S,,,S,,S,S,,,,,,,
2016-0388,S,S,S,S,S,S,S,S,S,S,S,S,S,I,S,S,S,S,S,S,S,I,I,S,,,S,,R,S,,,,,,,
2016-0389,S,S,S,S,S,S,S,S,S,S,S,S,I,I,S,S,S,S,R,S,S,S,I,S,,,S,,S,S,,,,,,,
2016-0390,S,S,S,S,S,S,S,S,S,S,S,S,I,I,S,S,S,S,R,S,S,S,I,S,,,S,,S,S,,,,,,,
2016-0391,S,S,S,S,S,S,S,S,S,S,S,S,I,I,S,S,S,S,R,S,S,S,I,S,,,S,,S,S,,,,,,,
2016-0392,S,S,S,S,S,S,S,S,S,S,S,S,I,I,S,S,S,S,R,S,S,S,I,S,,,S,,S,S,,,,,,,
2016-0393,S,S,S,S,S,S,S,S,S,S,S,S,I,I,S,S,S,S,R,S,S,I,I,S,,,S,,S,S,,,,,,,
2016-0399,I,R,S,S,S,S,S,S,S,S,S,S,I,I,S,S,S,S,R,S,S,S,I,S,,,S,,S,S,,,,,,,
2016-0400,S,S,S,S,S,S,S,S,S,S,S,S,I,I,S,S,S,I,R,S,S,S,I,S,,,S,,S,S,,,,,,,
2016-0436,S,S,S,S,I,S,S,S,S,S,S,S,S,R,S,S,S,S,S,S,S,S,S,S,,,I,,S,S,,,,,,,
2017-0039,S,S,S,S,S,S,S,S,S,S,S,S,S,I,S,S,S,S,R,S,S,S,S,S,,,S,,S,S,,,,,,,
2017-0139,S,I,S,S,S,S,S,S,I,S,S,S,I,I,S,S,S,R,R,S,I,S,S,S,,,S,,S,I,,,,,,,
2017-0634,S,I,S,I,S,S,S,S,S,S,S,S,S,I,S,S,S,S,R,S,I,S,R,S,,,S,,S,S,,,,,,,
2017-0677,S,I,S,I,S,S,S,S,S,S,S,S,S,I,S,S,S,S,R,S,S,S,R,S,,,S,,S,S,,,,,,,
2018-0019,S,S,S,S,S,S,S,R,S,S,S,S,I,I,S,S,S,S,S,S,S,S,I,S,,,S,,S,S,,,,,,,
2018-0021,S,I,S,I,S,S,S,R,S,S,S,S,I,I,S,S,S,S,S,S,S,S,I,S,,,S,,S,S,,,,,,,
2018-0037,S,S,S,S,S,S,S,R,S,S,S,S,I,I,S,S,S,I,S,S,S,S,I,S,,,S,,S,S,,,,,,,
2018-0055,S,I,S,S,S,S,S,R,S,S,S,S,I,I,S,S,I,I,S,S,S,S,I,S,,,S,,S,S,,,,,,,
2018-0088,S,I,S,S,S,S,S,R,S,S,S,S,I,I,S,S,I,I,S,S,S,S,I,S,,,S,,S,S,,,,,,,
2018-0222,S,S,S,S,S,S,S,S,I,S,S,S,I,I,S,S,S,I,R,S,S,I,R,S,,,I,,S,S,,,,,,,
2018-0501,I,I,S,I,S,I,S,S,I,S,S,S,I,I,S,S,S,S,R,S,S,I,R,S,,,S,,S,S,,,,,,,
2019-0048,S,S,S,S,S,S,S,S,S,S,S,S,S,I,S,S,S,S,R,S,S,S,S,S,,,S,,S,S,,,,,,,
2019-0082,S,R,S,I,S,S,S,S,R,S,S,S,S,I,S,S,S,S,S,S,I,S,S,S,,,S,,S,S,,,,,,,
2019-0255,S,I,S,I,S,S,S,S,S,S,S,S,S,I,S,S,S,S,R,R,S,R,R,S,,,S,,R,R,,,,,,,
2019-0256,S,S,S,S,S,S,S,S,S,S,S,S,S,I,S,S,S,S,R,R,S,I,R,S,,,S,,R,R,,,,,,,
2019-0257,S,I,S,S,S,S,S,S,S,S,S,S,S,I,S,S,S,S,R,R,S,R,R,S,,,S,,R,R,,,,,,,
2019-0486,S,S,S,S,S,S,S,S,S,S,S,S,S,I,S,S,S,S,R,S,S,S,S,S,,,S,,S,S,,,,,,,
2019-0582,S,S,S,S,S,S,S,S,S,S,S,S,S,I,S,S,S,S,R,S,S,I,R,S,,,S,,S,S,,,,,,,
2019-0998,S,S,S,S,S,S,S,S,S,S,S,S,S,I,S,S,S,S,R,S,S,S,S,S,,,S,,S,S,,,,,,,
2019-1123,S,S,S,S,S,S,S,S,S,S,S,S,S,I,S,S,S,S,R,S,S,S,R,S,,,S,,S,S,,,,,,,
2020-0168,S,S,S,S,S,S,S,S,S,S,S,S,I,I,S,S,S,S,R,S,I,S,R,S,,,S,,S,S,,,,,,,
2020-0169,S,S,S,S,S,S,S,S,S,S,S,S,I,I,S,S,S,S,R,S,I,S,R,S,,,S,,S,S,,,,,,,
2020-0214,S,S,S,S,S,S,S,S,S,S,S,S,S,I,S,S,S,S,R,S,S,S,S,S,,,S,,S,S,,,,,,,
2020-0305,S,S,S,S,S,S,S,S,S,S,S,S,S,I,S,S,S,S,R,S,S,R,R,S,,,S,,S,S,,,,,,,
Salmonella_HUM29,,,,,,,S,,,,S,S,S,S,,,S,,S,,,,R,S,S,,,R,,,S,,,,,,
Salmonella_HUM32,,,,,,,S,,,,S,S,S,S,,,S,,I,,,,S,S,S,,,S,,,R,,,,,,
Salmonella_HUM34,,,,,,,S,,,,S,S,S,S,,,S,,S,,,,I,S,S,,,S,,,S,,,,,,
Salmonella_HUM35,,,,,,,R,,,,S,S,S,I,,,S,,R,,,,I,S,R,,,I,,,R,,,,,,
Salmonella_HUM36,,,,,,,S,,,,S,S,S,S,,,S,,S,,,,S,S,S,,,S,,,S,,,,,,
Salmonella_HUM37,,,,,,,S,,,,S,S,S,S,,,S,,I,,,,S,S,S,,,R,,,R,,,,,,
Salmonella_HUM38,,,,,,,S,,,,S,S,S,S,,,S,,I,,,,S,S,S,,,S,,,R,,,,,,
Salmonella_HUM47,,,,,,,S,,,,S,S,S,S,,,I,,S,,,,R,S,S,,,S,,,S,,,,,,
Salmonella_HUM50,,,,,,,S,,,,S,S,S,S,,,S,,S,,,,S,S,S,,,S,,,S,,,,,,
Salmonella_HUM52,,,,,,,S,,,,S,S,S,S,,,S,,S,,,,S,S,S,,,S,,,S,,,,,,
Salmonella_HUM53,,,,,,,S,,,,S,S,S,S,,,S,,S,,,,S,S,S,,,R,,,R,,,,,,
Salmonella_HUM56,,,,,,,S,,,,S,S,S,S,,,S,,S,,,,R,S,S,,,S,,,S,,,,,,
Salmonella_HUM57,,,,,,,S,,,,S,S,S,S,,,S,,I,,,,S,S,S,,,R,,,R,,,,,,
Salmonella_HUM61,,,,,,,S,,,,S,S,S,S,,,S,,S,,,,S,S,S,,,S,,,S,,,,,,
Salmonella_HUM62,,,,,,,S,,,,S,S,S,S,,,S,,S,,,,R,S,S,,,S,,,S,,,,,,
Salmonella_HUM63,,,,,,,S,,,,S,S,S,S,,,S,,S,,,,S,S,S,,,S,,,S,,,,,,
Salmonella_HUM68,,,,,,,S,,,,S,S,S,S,,,S,,S,,,,R,S,S,,,R,,,S,,,,,,
Salmonella_HUM79,,,,,,,S,,,,S,S,S,S,,,S,,S,,,,R,S,S,,,R,,,S,,,,,,
Salmonella_HUM81,,,,,,,S,,,,S,S,S,S,,,S,,S,,,,S,S,S,,,R,,,S,,,,,,
Salmonella_CH02,,,,,,,I,,,,S,S,S,R,,,S,,S,,,,S,S,S,,,R,,,S,,,,,,
Salmonella_CH10,,,,,,,S,,,,S,S,R,S,,,S,,S,,,,S,S,S,,,S,,,S,,,,,,
Salmonella_CH11,,,,,,,S,,,,S,S,I,S,,,S,,R,,,,S,S,S,,,S,,,R,,,,,,
Salmonella_CH16,,,,,,,S,,,,S,S,S,S,,,S,,S,,,,S,S,S,,,S,,,S,,,,,,
Salmonella_CH18,,,,,,,S,,,,S,S,S,S,,,S,,I,,,,S,S,S,,,S,,,R,,,,,,
Salmonella_CH25,,,,,,,S,,,,S,S,S,R,,,S,,S,,,,S,S,S,,,S,,,S,,,,,,
Salmonella_CH26,,,,,,,S,,,,S,S,S,S,,,S,,S,,,,S,S,S,,,S,,,S,,,,,,
Salmonella_CH27,,,,,,,S,,,,S,S,S,S,,,S,,S,,,,R,S,S,,,S,,,S,,,,,,
Salmonella_CH29,,,,,,,S,,,,S,S,S,S,,,S,,I,,,,S,S,I,,,S,,,S,,,,,,
Salmonella_CH32,,,,,,,S,,,,S,S,S,S,,,S,,I,,,,S,S,S,,,S,,,R,,,,,,
Salmonella_CH34,,,,,,,S,,,,S,S,S,S,,,S,,I,,,,S,S,S,,,S,,,S,,,,,,
Salmonella_CH37,,,,,,,S,,,,S,S,I,S,,,S,,S,,,,S,S,R,,,R,,,S,,,,,,
Salmonella_CH39,,,,,,,S,,,,S,S,S,S,,,S,,I,,,,S,S,S,,,S,,,R,,,,,,
Salmonella_CH40,,,,,,,S,,,,S,S,S,S,,,S,,I,,,,S,S,S,,,S,,,S,,,,,,
Salmonella_CH43,,,,,,,S,,,,S,S,S,S,,,S,,R,,,,S,S,S,,,S,,,R,,,,,,
Salmonella_CH46,,,,,,,S,,,,S,S,R,S,,,S,,I,,,,S,S,S,,,S,,,S,,,,,,
Salmonella_CH47,,,,,,,S,,,,S,S,S,S,,,S,,I,,,,I,S,S,,,R,,,R,,,,,,
Salmonella_CH48,,,,,,,S,,,,S,S,S,S,,,S,,S,,,,S,S,S,,,S,,,R,,,,,,
Salmonella_CH50,,,,,,,S,,,,S,S,S,S,,,S,,I,,,,S,S,S,,,S,,,R,,,,,,
Salmonella_CH51,,,,,,,S,,,,S,S,S,S,,,S,,S,,,,S,S,S,,,S,,,S,,,,,,
Salmonella_CH52,,,,,,,S,,,,S,S,S,S,,,S,,S,,,,S,S,S,,,S,,,S,,,,,,
Salmonella_CH53,,,,,,,S,,,,S,S,S,S,,,S,,S,,,,S,S,S,,,S,,,S,,,,,,
Salmonella_CH54,,,,,,,S,,,,S,S,I,S,,,S,,S,,,,S,S,S,,,S,,,S,,,,,,
Salmonella_CH55,,,,,,,S,,,,S,S,S,S,,,S,,S,,,,R,S,S,,,S,,,S,,,,,,
Salmonella_CH56,,,,,,,S,,,,S,S,S,S,,,S,,S,,,,R,S,S,,,S,,,S,,,,,,
Salmonella_CH57,,,,,,,S,,,,S,S,S,S,,,S,,S,,,,R,S,S,,,S,,,S,,,,,,
Salmonella_CH58,,,,,,,S,,,,S,S,S,S,,,S,,S,,,,R,S,S,,,S,,,S,,,,,,
Salmonella_CH59,,,,,,,S,,,,S,S,S,S,,,S,,S,,,,S,S,S,,,S,,,S,,,,,,
Salmonella_CH60,,,,,,,S,,,,S,S,R,S,,,S,,S,,,,R,S,S,,,S,,,S,,,,,,
Salmonella_CH62,,,,,,,S,,,,S,S,S,S,,,S,,S,,,,R,S,S,,,R,,,S,,,,,,
Salmonella_CH66,,,,,,,S,,,,S,S,S,S,,,S,,S,,,,R,S,S,,,S,,,S,,,,,,
Salmonella_CH67,,,,,,,S,,,,S,S,S,S,,,S,,S,,,,S,S,S,,,S,,,S,,,,,,
Salmonella_CH69,,,,,,,S,,,,S,S,R,S,,,S,,S,,,,S,S,S,,,S,,,S,,,,,,
Salmonella_CH71,,,,,,,S,,,,S,S,S,S,,,S,,I,,,,S,S,S,,,S,,,R,,,,,,
Salmonella_CH72,,,,,,,S,,,,S,S,S,I,,,S,,I,,,,S,S,S,,,S,,,R,,,,,,
Salmonella_CH73,,,,,,,S,,,,S,S,S,S,,,S,,S,,,,S,S,S,,,S,,,S,,,,,,
Salmonella_CH74,,,,,,,S,,,,S,S,S,S,,,S,,I,,,,S,S,S,,,R,,,R,,,,,,
Salmonella_CH76,,,,,,,S,,,,S,S,S,R,,,S,,I,,,,S,S,S,,,S,,,R,,,,,,
Salmonella_CH78,,,,,,,S,,,,S,S,S,I,,,S,,I,,,,S,S,S,,,S,,,R,,,,,,
Salmonella_CH79,,,,,,,S,,,,S,S,S,S,,,S,,S,,,,S,S,S,,,S,,,S,,,,,,
Salmonella_CH80,,,,,,,S,,,,S,S,S,S,,,S,,R,,,,S,S,S,,,S,,,S,,,,,,
HA2S84,S,S,,S,S,S,S,,,,S,S,S,I,,S,S,,I,I,,S,S,S,S,,S,S,,,,S,S,,S,S,S
HA2S92,S,S,,S,S,S,S,,,,S,S,S,I,,S,S,,I,I,,S,S,S,S,,S,S,,,,S,S,,S,S,S
HA2S97,S,S,,S,S,S,S,,,,S,S,S,R,,S,S,,I,I,,S,S,S,S,,S,S,,,,S,S,,S,S,S
HA2S98,S,S,,S,S,S,S,,,,S,S,S,R,,S,S,,I,I,,S,S,S,S,,S,S,,,,S,S,,S,S,S
HA3S25,S,S,,S,S,S,S,,,,S,S,S,R,,S,S,,I,I,,S,S,S,S,,S,S,,,,S,S,,S,S,S
PD3-51,S,S,,S,S,S,S,,,,S,S,S,I,,S,S,,S,S,,S,S,S,S,,I,S,,,,I,S,,R,S,S
PD3-52,S,S,,I,S,S,S,,,,S,S,S,I,,S,S,,S,S,,S,S,S,S,,I,S,,,,R,S,,S,S,S
SD74,S,S,,S,S,S,S,,,,S,S,S,R,,S,S,,I,I,,S,S,S,S,,S,S,,,,S,S,,S,S,S
SD75,S,S,,S,S,S,S,,,,S,S,S,R,,S,S,,I,I,,S,S,S,S,,S,S,,,,S,S,,S,S,S
SRR28977516,S,,,,,S,,S,,,,,S,,,,S,,S,,,,S,S,,,,S,,,R,S,S,S,S,,
SRR28978011,S,,,,,S,,S,,,,,S,,,,S,,S,,,,S,S,,,,S,,,S,S,S,S,S,,
SRR28978016,S,,,,,S,,R,,,,,S,,,,S,,S,,,,S,S,,,,R,,,S,S,S,R,S,,
SRR28978018,S,,,,,S,,S,,,,,S,,,,S,,S,,,,S,S,,,,S,,,R,S,S,S,S,,
SRR28978316,S,,,,,S,,S,,,,,S,,,,S,,S,,,,S,S,,,,S,,,S,S,S,S,S,,
SRR28997694,S,,,,,S,,S,,,,,S,,,,S,,S,,,,R,S,,,,S,,,R,S,S,S,S,,
SRR28997721,S,,,,,S,,S,,,,,S,,,,S,,S,,,,S,S,,,,S,,,S,S,S,S,S,,
SRR28997724,S,,,,,S,,S,,,,,S,,,,S,,S,,,,S,S,,,,S,,,S,S,S,S,S,,
SRR28997729,S,,,,,S,,S,,,,,S,,,,S,,S,,,,S,S,,,,S,,,S,S,S,S,S,,
SRR28997919,S,,,,,S,,S,,,,,S,,,,S,,S,,,,S,S,,,,S,,,R,S,S,S,S,,
SRR28997923,S,,,,,S,,S,,,,,S,,,,S,,S,,,,S,S,,,,S,,,S,S,S,S,S,,
SRR28997931,S,,,,,S,,S,,,,,S,,,,S,,S,,,,R,S,,,,S,,,R,S,S,S,S,,
SRR28997937,S,,,,,S,,S,,,,,S,,,,S,,S,,,,R,S,,,,S,,,R,S,S,S,S,,
SRR28997941,S,,,,,S,,S,,,,,S,,,,S,,S,,,,S,S,,,,R,,,R,S,S,S,S,,
SRR28997943,S,,,,,S,,S,,,,,S,,,,S,,S,,,,S,S,,,,S,,,R,S,S,S,S,,
SRR28997949,S,,,,,S,,S,,,,,S,,,,S,,S,,,,I,S,,,,I,,,R,I,S,S,R,,
GZ2016SF072,S,,,,,S,,S,,,,,S,,,,S,,S,,,,R,S,,,,S,,,S,S,R,,S,,
GZ2016SF129,S,,,,,S,,S,,,,,S,,,,S,,S,,,,R,S,,,,S,,,R,S,S,,S,,
GZ2016SF165,S,,,,,S,,S,,,,,S,,,,S,,S,,,,S,S,,,,S,,,S,S,S,,S,,
GZ2016SF193,S,,,,,S,,S,,,,,S,,,,S,,S,,,,S,S,,,,S,,,R,S,S,,S,,
GZ2016SF246,S,,,,,I,,S,,,,,I,,,,S,,S,,,,R,S,,,,S,,,R,S,R,,S,,
GZ2016SF248,S,,,,,S,,S,,,,,S,,,,S,,S,,,,S,S,,,,S,,,S,S,S,,S,,
GZ2016SF273,S,,,,,S,,S,,,,,S,,,,S,,S,,,,S,S,,,,S,,,S,S,S,,S,,
SH13SF932,S,,,,,S,,S,,,,,S,,,,S,,S,,,,S,S,,,,S,,,R,S,S,,S,,
SH15SF007,S,,,,,S,,S,,,,,S,,,,S,,S,,,,R,S,,,,S,,,S,S,S,,S,,
SH15SF025,S,,,,,S,,S,,,,,S,,,,S,,S,,,,S,S,,,,S,,,S,S,R,,S,,
SH15SF297,S,,,,,S,,S,,,,,I,,,,S,,S,,,,R,S,,,,S,,,R,S,S,,S,,
SH15SF298,S,,,,,S,,S,,,,,I,,,,S,,S,,,,R,S,,,,S,,,R,S,S,,S,,
SH15SF434,S,,,,,S,,S,,,,,S,,,,S,,S,,,,R,S,,,,S,,,R,S,S,,R,,
SH15SF436,S,,,,,S,,S,,,,,S,,,,S,,S,,,,R,S,,,,S,,,R,S,S,,S,,
SH15SF476,S,,,,,S,,S,,,,,S,,,,S,,S,,,,R,S,,,,S,,,S,S,S,,S,,
SH15SF602,S,,,,,S,,S,,,,,S,,,,S,,S,,,,S,S,,,,S,,,S,S,S,,S,,
SH15SF603,S,,,,,S,,S,,,,,S,,,,S,,S,,,,S,S,,,,S,,,R,S,S,,S,,
SH16SF1001,S,,,,,S,,S,,,,,S,,,,S,,S,,,,S,S,,,,S,,,S,S,S,,S,,
SH16SF1009,S,,,,,S,,S,,,,,S,,,,S,,S,,,,S,S,,,,S,,,S,S,S,,S,,
SH16SF1026,S,,,,,S,,S,,,,,S,,,,S,,S,,,,R,S,,,,S,,,R,I,S,,S,,
SH16SF1107,S,,,,,I,,S,,,,,I,,,,S,,S,,,,S,S,,,,S,,,R,S,S,,S,,
SH16SF1467,S,,,,,S,,S,,,,,S,,,,S,,S,,,,S,S,,,,S,,,S,S,S,,S,,
SH16SF159,S,,,,,S,,S,,,,,S,,,,S,,S,,,,R,S,,,,S,,,R,S,S,,S,,
SH17SF1578,S,,,,,S,,S,,,,,S,,,,S,,S,,,,S,S,,,,S,,,S,S,S,,R,,
SH17SF1637,S,,,,,S,,S,,,,,S,,,,S,,S,,,,S,S,,,,S,,,S,S,S,,S,,
SH17SF322,S,,,,,S,,S,,,,,S,,,,S,,S,,,,R,S,,,,S,,,R,S,S,,S,,
SH18SF1766,S,,,,,S,,S,,,,,S,,,,S,,S,,,,S,S,,,,S,,,R,S,S,,S,,
SH18SF899,S,,,,,S,,S,,,,,S,,,,S,,S,,,,S,S,,,,S,,,S,S,S,,S,,
SH11SF283,S,,,,,S,,S,,,,,S,,,,S,,S,,,,S,S,,,,S,,,S,S,R,,S,,
SH13SF130,S,,,,,S,,S,,,,,S,,,,S,,S,,,,S,S,,,,S,,,S,S,R,,S,,
SH14SF239,S,,,,,S,,S,,,,,S,,,,S,,S,,,,S,S,,,,S,,,R,S,R,,S,,
